# Number; Time(s)
0;0.000000
1000;0.001000
2000;0.005000
3000;0.010000
4000;0.018000
5000;0.026000
6000;0.048000
7000;0.050000
8000;0.070000
9000;0.081000
