# Number; Time(s)
0;0.000000
1000;0.011000
2000;0.048000
3000;0.153000
4000;0.243000
5000;0.423000
6000;0.594000
7000;0.913000
8000;1.081000
9000;1.398000
